{"mean_B": 0.000621893210336566, "std_B": 0.09532535076141357, "mean_H": -0.14776034653186798, "std_H": 16.165433883666992, "mean_out": -0.10919976234436035, "std_out": 16.259883880615234, "mean_Scal": 0.0007534750059608726, "std_Scal": 0.09643163314234662, "mean_T": 44.75714285714286, "std_T": 19.12826442376272}