{"mean_B": -1.8562588965931326e-11, "std_B": 0.095509372651577, "mean_H": 3.291538819283346e-09, "std_H": 16.205089569091797, "mean_out": 4.174368850584642e-09, "std_out": 16.121784210205078, "mean_Scal": 3.2355071003361706e-20, "std_Scal": 0.09595834144501618, "mean_T": 44.75714285714286, "std_T": 19.127991153081844}